{
  "Stuck / Random": {
    "0.05": {
      "proposed_mean": 0.0003791422678522579,
      "proposed_ci": 6.534758186558161e-06,
      "dkf_mean": 0.003507524466591883,
      "dkf_ci": 2.975018549859998e-05,
      "huber_mean": 0.0008791515307542671,
      "huber_ci": 4.907672038949138e-06,
      "best_c": 0.5,
      "ratio_huber_proposed": 2.318790610538971,
      "ratio_dkf_proposed": 9.25120927946413,
      "huber_by_c": {
        "0.5": {
          "mean": 0.0008791515307542671,
          "ci": 4.907672038949138e-06
        },
        "1.0": {
          "mean": 0.001926260655538795,
          "ci": 8.667303389650645e-06
        },
        "1.5": {
          "mean": 0.003102382171507347,
          "ci": 1.6333647849375072e-05
        },
        "2.0": {
          "mean": 0.003507524466591883,
          "ci": 2.975018549859998e-05
        },
        "3.0": {
          "mean": 0.003507524466591883,
          "ci": 2.975018549859998e-05
        }
      }
    },
    "0.1": {
      "proposed_mean": 0.001512807983891482,
      "proposed_ci": 2.4653671109583395e-05,
      "dkf_mean": 0.012737195469301117,
      "dkf_ci": 7.846041683646529e-05,
      "huber_mean": 0.002478389308733666,
      "huber_ci": 8.922845219382289e-06,
      "best_c": 0.5,
      "ratio_huber_proposed": 1.6382709075598372,
      "ratio_dkf_proposed": 8.419571819376907,
      "huber_by_c": {
        "0.5": {
          "mean": 0.002478389308733666,
          "ci": 8.922845219382289e-06
        },
        "1.0": {
          "mean": 0.006972792302070366,
          "ci": 1.9899985938923264e-05
        },
        "1.5": {
          "mean": 0.011775045132146009,
          "ci": 4.621494478102383e-05
        },
        "2.0": {
          "mean": 0.012737195469301117,
          "ci": 7.846041683646529e-05
        },
        "3.0": {
          "mean": 0.012737195469301117,
          "ci": 7.846041683646529e-05
        }
      }
    },
    "0.2": {
      "proposed_mean": 0.006947732333120381,
      "proposed_ci": 7.04162057392397e-05,
      "dkf_mean": 0.04955018428524629,
      "dkf_ci": 0.0002325511376575441,
      "huber_mean": 0.01017132604985269,
      "huber_ci": 2.0829697728228923e-05,
      "best_c": 0.5,
      "ratio_huber_proposed": 1.4639778221399213,
      "ratio_dkf_proposed": 7.131849920158366,
      "huber_by_c": {
        "0.5": {
          "mean": 0.01017132604985269,
          "ci": 2.0829697728228923e-05
        },
        "1.0": {
          "mean": 0.03149789067125061,
          "ci": 6.330551438123779e-05
        },
        "1.5": {
          "mean": 0.04932392523922607,
          "ci": 0.00021518797897580392
        },
        "2.0": {
          "mean": 0.04955018428524629,
          "ci": 0.0002325511376575441
        },
        "3.0": {
          "mean": 0.04955018428524629,
          "ci": 0.0002325511376575441
        }
      }
    },
    "0.3": {
      "proposed_mean": 0.01908865226972174,
      "proposed_ci": 0.000528876743892806,
      "dkf_mean": 0.11034436881046489,
      "dkf_ci": 0.00037289564210585827,
      "huber_mean": 0.027677424832602705,
      "huber_ci": 4.1930112086990676e-05,
      "best_c": 0.5,
      "ratio_huber_proposed": 1.4499412761845112,
      "ratio_dkf_proposed": 5.780626481707785,
      "huber_by_c": {
        "0.5": {
          "mean": 0.027677424832602705,
          "ci": 4.1930112086990676e-05
        },
        "1.0": {
          "mean": 0.08455074651525545,
          "ci": 0.0001431478405040601
        },
        "1.5": {
          "mean": 0.11034436881046489,
          "ci": 0.00037289564210585827
        },
        "2.0": {
          "mean": 0.11034436881046489,
          "ci": 0.00037289564210585827
        },
        "3.0": {
          "mean": 0.11034436881046489,
          "ci": 0.00037289564210585827
        }
      }
    },
    "0.4": {
      "proposed_mean": 0.06435075784906402,
      "proposed_ci": 0.005128168861618206,
      "dkf_mean": 0.19567237847988225,
      "dkf_ci": 0.0006690758630655361,
      "huber_mean": 0.0634653319943216,
      "huber_ci": 8.2135548528272e-05,
      "best_c": 0.5,
      "ratio_huber_proposed": 0.9862406305016763,
      "ratio_dkf_proposed": 3.0407159918588014,
      "huber_by_c": {
        "0.5": {
          "mean": 0.0634653319943216,
          "ci": 8.2135548528272e-05
        },
        "1.0": {
          "mean": 0.1799329427193433,
          "ci": 0.00038694104544760805
        },
        "1.5": {
          "mean": 0.19567237847988225,
          "ci": 0.0006690758630655361
        },
        "2.0": {
          "mean": 0.19567237847988225,
          "ci": 0.0006690758630655361
        },
        "3.0": {
          "mean": 0.19567237847988225,
          "ci": 0.0006690758630655361
        }
      }
    }
  },
  "Stuck / Clustered": {
    "0.05": {
      "proposed_mean": 0.0003685779410576771,
      "proposed_ci": 4.913829515848393e-06,
      "dkf_mean": 0.0035075136220078505,
      "dkf_ci": 2.8707631867710334e-05,
      "huber_mean": 0.0008802266325029036,
      "huber_ci": 5.420079552452757e-06,
      "best_c": 0.5,
      "ratio_huber_proposed": 2.388169595763087,
      "ratio_dkf_proposed": 9.516341677808049,
      "huber_by_c": {
        "0.5": {
          "mean": 0.0008802266325029036,
          "ci": 5.420079552452757e-06
        },
        "1.0": {
          "mean": 0.0019279081872934061,
          "ci": 9.298973287654074e-06
        },
        "1.5": {
          "mean": 0.0031041712626114293,
          "ci": 1.6675233799151225e-05
        },
        "2.0": {
          "mean": 0.0035075136220078505,
          "ci": 2.8707631867710334e-05
        },
        "3.0": {
          "mean": 0.0035075136220078505,
          "ci": 2.8707631867710334e-05
        }
      }
    },
    "0.1": {
      "proposed_mean": 0.0012308770920540673,
      "proposed_ci": 3.688548816429151e-05,
      "dkf_mean": 0.01278765222985216,
      "dkf_ci": 7.475409138845836e-05,
      "huber_mean": 0.0024856167962083735,
      "huber_ci": 8.863548446914509e-06,
      "best_c": 0.5,
      "ratio_huber_proposed": 2.0193866733358545,
      "ratio_dkf_proposed": 10.38905696791573,
      "huber_by_c": {
        "0.5": {
          "mean": 0.0024856167962083735,
          "ci": 8.863548446914509e-06
        },
        "1.0": {
          "mean": 0.0069909994466358805,
          "ci": 1.9205265984958193e-05
        },
        "1.5": {
          "mean": 0.011812571141730527,
          "ci": 4.397560662186511e-05
        },
        "2.0": {
          "mean": 0.01278765222985216,
          "ci": 7.475409138845836e-05
        },
        "3.0": {
          "mean": 0.01278765222985216,
          "ci": 7.475409138845836e-05
        }
      }
    },
    "0.2": {
      "proposed_mean": 0.026005712727802027,
      "proposed_ci": 0.002767068328321752,
      "dkf_mean": 0.04954173417712844,
      "dkf_ci": 0.00019540788177422962,
      "huber_mean": 0.01017923766459044,
      "huber_ci": 1.9039556182489982e-05,
      "best_c": 0.5,
      "ratio_huber_proposed": 0.3914231373365931,
      "ratio_dkf_proposed": 1.905032740139618,
      "huber_by_c": {
        "0.5": {
          "mean": 0.01017923766459044,
          "ci": 1.9039556182489982e-05
        },
        "1.0": {
          "mean": 0.031512712691991664,
          "ci": 5.537399402484027e-05
        },
        "1.5": {
          "mean": 0.04933321895475947,
          "ci": 0.00018223660736644003
        },
        "2.0": {
          "mean": 0.04954173417712844,
          "ci": 0.00019540788177422962
        },
        "3.0": {
          "mean": 0.04954173417712844,
          "ci": 0.00019540788177422962
        }
      }
    },
    "0.3": {
      "proposed_mean": 0.0880635454123023,
      "proposed_ci": 0.003613001893928014,
      "dkf_mean": 0.11042993741692099,
      "dkf_ci": 0.0003686281469304737,
      "huber_mean": 0.027701905701220452,
      "huber_ci": 3.742589631040729e-05,
      "best_c": 0.5,
      "ratio_huber_proposed": 0.314567231781592,