{
  "exp1": {
    "estimates": {},
    "fault_onset": 50,
    "mse": {
      "Average": 0.04678338719552427,
      "Trimmed Mean": 0.019338427722115643,
      "Local Median": 0.0012663460109884252,
      "Plain Consensus": 0.046783387195524176,
      "Proposed": 0.007922410314396385,
      "Dist. KF": 0.06870952192074582
    },
    "det": {
      "Proposed": {
        "FDR": 1.0,
        "FAR": 0.0,
        "precision": 1.0,
        "recall": 1.0,
        "F1": 1.0,
        "TP": 10,
        "FP": 0,
        "FN": 0,
        "TN": 40
      },
      "CUSUM": {
        "FDR": 1.0,
        "FAR": 0.05,
        "precision": 0.8333333333333334,
        "recall": 1.0,
        "F1": 0.9090909090909091,
        "TP": 10,
        "FP": 2,
        "FN": 0,
        "TN": 38
      },
      "EWMA": {
        "FDR": 1.0,
        "FAR": 0.05,
        "precision": 0.8333333333333334,
        "recall": 1.0,
        "F1": 0.9090909090909091,
        "TP": 10,
        "FP": 2,
        "FN": 0,
        "TN": 38
      }
    }
  }
}