{
  "exp2_enhanced": {
    "estimates": {},
    "fault_onset": 50,
    "mse": {
      "Average": 1.1044928305893014,
      "Trimmed Mean": 0.43719087911480775,
      "Local Median": 0.0003789144960636467,
      "Plain Consensus": 1.1044928305893027,
      "Proposed": 0.019956290213559727
    },
    "det": {
      "Proposed": {
        "FDR": 1.0,
        "FAR": 0.0,
        "precision": 1.0,
        "recall": 1.0,
        "F1": 1.0,
        "TP": 10,
        "FP": 0,
        "FN": 0,
        "TN": 40
      },
      "CUSUM": {
        "FDR": 1.0,
        "FAR": 0.0,
        "precision": 1.0,
        "recall": 1.0,
        "F1": 1.0,
        "TP": 10,
        "FP": 0,
        "FN": 0,
        "TN": 40
      },
      "EWMA": {
        "FDR": 1.0,
        "FAR": 0.0,
        "precision": 1.0,
        "recall": 1.0,
        "F1": 1.0,
        "TP": 10,
        "FP": 0,
        "FN": 0,
        "TN": 40
      }
    }
  },
  "exp3_mse_ff": {
    "fractions": [
      0.05,
      0.1,
      0.2,
      0.3,
      0.4
    ],
    "mse": {
      "Average": [
        0.002000276015657614,
        0.01230725854112969,
        0.0488319898846994,
        0.10943280451214234,
        0.19485775597879243
      ],
      "Trimmed Mean": [
        6.36158934846409e-05,
        0.00013263269065638068,
        0.020214771789720754,
        0.07710669653591166,
        0.17198698113846198
      ],
      "Local Median": [
        7.975512063512537e-05,
        0.00018489092004154352,
        0.0009646144914772105,
        0.014661636991216361,
        0.10109006707477836
      ],
      "Plain Consensus": [
        0.0020002760156575764,
        0.012307258541129613,
        0.048831989884699285,
        0.10943280451214224,
        0.19485775597879243
      ],
      "Proposed": [
        0.000298143212199986,
        0.0017207453034576207,
        0.00804200385134015,
        0.024519843280814878,
        0.09721501443160979
      ]
    },
    "ci": {
      "Average": [
        3.4065040112295145e-05,
        0.00011905021023701459,
        0.0003725115484117445,
        0.0006759278661228491,
        0.0010578108357319751
      ],
      "Trimmed Mean": [
        2.08226190018464e-06,
        2.9929922876210213e-06,
        0.00013867703303919364,
        0.0005330969707429425,
        0.0010118867782102606
      ],
      "Local Median": [
        1.0008759690776123e-05,
        5.4641588797532995e-05,
        0.00037621467601004323,
        0.003822721023247554,
        0.022287567294200148
      ],
      "Plain Consensus": [
        3.406504011229509e-05,
        0.00011905021023701526,
        0.00037251154841174463,
        0.0006759278661228507,
        0.0010578108357319758
      ],
      "Proposed": [
        1.5235788543030491e-05,
        4.495709516993962e-05,
        0.0001562033465978163,
        0.0019943797511487353,
        0.010237130013618027
      ]
    }
  },
  "exp4_detectors": {
    "fractions": [
      0.05,
      0.1,
      0.2,
      0.3,
      0.4
    ],
    "det": {
      "Proposed": {
        "fdr": [
          1.0,
          1.0,
          0.9933333333333334,
          0.08444444444444445,
          0.005
        ],
        "far": [
          0.0006944444444444444,
          0.0059259259259259265,
          0.006666666666666666,
          0.0019047619047619048,
          0.0033333333333333335
        ],
        "f1": [
          0.9933333333333334,
          0.9762626262626263,
          0.9841125541125542,
          0.1075518965420926,
          0.008333333333333333
        ]
      },
      "CUSUM": {
        "fdr": [
          1.0,
          1.0,
          1.0,
          0.9711111111111113,
          0.8166666666666665
        ],
        "far": [
          0.0006944444444444444,
          0.0059259259259259265,
          0.01916666666666667,
          0.13428571428571429,
          0.3044444444444444
        ],
        "f1": [
          0.9933333333333334,
          0.9762626262626263,
          0.9653115000941088,
          0.8521213411070347,
          0.7171465924427716
        ]
      },
      "EWMA": {
        "fdr": [
          1.0,
          1.0,
          1.0,
          0.9733333333333333,
          0.8316666666666667
        ],
        "far": [
          0.0006944444444444444,
          0.0059259259259259265,
          0.02166666666666667,
          0.14952380952380956,
          0.33777777777777784
        ],
        "f1": [
          0.9933333333333334,
          0.9762626262626263,
          0.9611989459815548,
          0.8412118873007188,
          0.710690785007169
        ]
      }
    }
  },
  "exp5_clustered": {
    "fractions": [
      0.05,
      0.1,
      0.2,
      0.3,
      0.4
    ],
    "results": {
      "Proposed (random)": [
        0.00029382979275975965,
        0.0017013022290805178,
        0.007998968276560726,
        0.024314844738659604,
        0.09735688033751615
      ],
      "Local Median (random)": [
        8.095931210614239e-05,
        0.00017947219213340643,
        0.0009621864662784385,
        0.0145011348356478,
        0.1008510231902581
      ],
      "Proposed (clustered)": [
        0.00031446514534411694,
        0.0014247389000649258,
        0.024585689454131383,
        0.08573848325566633,
        0.1879133312578046
      ],
      "Local Median (clustered)": [
        9.592206925467252e-05,
        0.0005707018483338485,
        0.03545478498403738,
        0.10581563739599555,
        0.2120632963853612
      ]
    }
  },
  "exp6_alpha": {
    "alphas": [
      0.0,
      0.3,
      0.5,
      0.7,
      0.8,
      0.85,
      0.9,
      0.95,
      0.99
    ],
    "mse_prop": [
      0.008533830797813845,
      0.008372644156380445,
      0.00826242931790467,
      0.008138069384094969,
      0.008068762429374498,
      0.00804200385134015,
      0.008063133799675862,
      0.008469850845264396,
      0.015080298723606386
    ]
  },
  "exp7_heatmap": {
    "betas": [
      0.5,
      1.0,
      2.0,
      3.0,
      4.0
    ],
    "lags": [
      5,
      10,
      15,
      20,
      25
    ],
    "mse_grid": [
      [
        0.009041058537455812,
        0.008869032068198144,
        0.008696367176500065,
        0.00852658208749114,
        0.008361711296833222
      ],
      [
        0.008907678579336945,
        0.008590975530783628,
        0.008287351001522399,
        0.008000389774535311,
        0.007731112109693024
      ],
      [
        0.008665250734629017,
        0.008122673027451378,
        0.007641547817076745,
        0.007214487128971494,
        0.006833586964009293
      ],
      [
        0.008450934943298185,
        0.007744968224428816,
        0.007157572955420746,
        0.006660057297561539,
        0.0062315537811782565
      ],
      [
        0.008260441749067558,
        0.007435187772744526,
        0.006783791665773533,
        0.00625146158341183,
        0.005804148213170683
      ]
    ]
  },
  "exp8_convergence": {
    "n_iter_vals": [
      5,
      10,
      20,
      30,
      40,
      60,
      80
    ],
    "mse_proposed": [
      0.009030160629965088,
      0.008583870690445434,
      0.008259481391277053,
      0.00815745421194852,
      0.008122673027451378,
      0.00810590966878921,
      0.008103644800526656
    ],
    "mse_plain": [
      0.049458425974510875,
      0.04945842597451086,
      0.04945842597451084,
      0.049458425974510806,
      0.049458425974510785,
      0.049458425974510736,
      0.049458425974510674
    ]
  },
  "exp9_N": {
    "N_vals": [
      10,
      20,
      30,
      40,
      50
    ],
    "mse": {
      "Average": [
        0.04856652264154288,
        0.048707842843478684,
        0.04882750021418491,
        0.04881369361438582,
        0.0488319898846994
      ],
      "Trimmed Mean": [
        0.020174080973371703,
        0.020366790353307834,
        0.020220175757994584,
        0.020219073433580727,
        0.020214771789720754
      ],