{
  "exp2_enhanced": {
    "estimates": {},
    "fault_onset": 50,
    "mse": {
      "Average": 1.1046605569746368,
      "Trimmed Mean": 0.4371521622212638,
      "Local Median": 0.00025622785871168654,
      "Plain Consensus": 1.104660556974637,
      "Proposed": 0.014244214857819714,
      "Dist. KF": 1.08892722027827
    },
    "det": {
      "Proposed": {
        "FDR": 1.0,
        "FAR": 0.0,
        "precision": 1.0,
        "recall": 1.0,
        "F1": 1.0,
        "TP": 20,
        "FP": 0,
        "FN": 0,
        "TN": 80
      },
      "CUSUM": {
        "FDR": 1.0,
        "FAR": 0.0,
        "precision": 1.0,
        "recall": 1.0,
        "F1": 1.0,
        "TP": 20,
        "FP": 0,
        "FN": 0,
        "TN": 80
      },
      "EWMA": {
        "FDR": 1.0,
        "FAR": 0.0,
        "precision": 1.0,
        "recall": 1.0,
        "F1": 1.0,
        "TP": 20,
        "FP": 0,
        "FN": 0,
        "TN": 80
      }
    }
  },
  "exp3_mse_ff": {
    "fractions": [
      0.05,
      0.1,
      0.2,
      0.3,
      0.4
    ],
    "mse": {
      "Average": [
        0.003074797611774677,
        0.012162568127455333,
        0.0487398396889778,
        0.1093740674266284,
        0.19461395012015906
      ],
      "Trimmed Mean": [
        4.149911216748923e-05,
        0.00010665138143893688,
        0.02016521369579162,
        0.07723257041343276,
        0.17179976108063627
      ],
      "Local Median": [
        4.5250953253909147e-05,
        7.755014276047499e-05,
        0.0002799729290029058,
        0.0020904676265139765,
        0.041934361480888346
      ],
      "Plain Consensus": [
        0.0030747976117746563,
        0.012162568127455304,
        0.04873983968897778,
        0.10937406742662834,
        0.19461395012015906
      ],
      "Proposed": [
        0.00037914226785225796,
        0.001512807983891482,
        0.006947732333120382,
        0.019088652269721743,
        0.06435075784906402
      ],
      "Dist. KF": [
        0.0035075244665918816,
        0.012737195469301112,
        0.04955018428524628,
        0.11034436881046487,
        0.19567237847988225
      ]
    },
    "ci": {
      "Average": [
        2.778732943271313e-05,
        7.530252802459228e-05,
        0.0002289329032552932,
        0.0003691379865441202,
        0.00066474405315066
      ],
      "Trimmed Mean": [
        9.634901315432794e-07,
        1.659062475252736e-06,
        0.00010724580662848809,
        0.0002699313641277932,
        0.0006088037475434252
      ],
      "Local Median": [
        1.2888046551607487e-06,
        2.1789054708629946e-06,
        3.094153971264807e-05,
        0.0007390518410841226,
        0.008177297078414464
      ],
      "Plain Consensus": [
        2.7787329432713486e-05,
        7.530252802459164e-05,
        0.00022893290325529196,
        0.00036913798654411996,
        0.0006647440531506594
      ],
      "Proposed": [
        6.534758186558172e-06,
        2.46536711095834e-05,
        7.04162057392397e-05,
        0.000528876743892806,
        0.005128168861618207
      ],
      "Dist. KF": [
        2.9750185498599935e-05,
        7.846041683646529e-05,
        0.00023255113765754433,
        0.0003728956421058589,
        0.0006690758630655362
      ]
    }
  },
  "exp4_detectors": {
    "fractions": [
      0.05,
      0.1,
      0.2,
      0.3,
      0.4
    ],
    "det": {
      "Proposed": {
        "fdr": [
          1.0,
          1.0,
          1.0,
          0.5153333333333333,
          0.0
        ],
        "far": [
          0.0,
          0.0,
          0.00025,
          0.0008571428571428571,
          0.0
        ],
        "f1": [
          1.0,
          1.0,
          0.9995121951219512,
          0.6117567378922775,
          0.0
        ]
      },
      "CUSUM": {
        "fdr": [
          1.0,
          1.0,
          1.0,
          0.9940000000000001,
          0.9205
        ],
        "far": [
          0.0,
          0.0,
          0.00125,
          0.022285714285714284,
          0.19699999999999998
        ],
        "f1": [
          1.0,
          1.0,
          0.9975842044134727,
          0.9721703688837313,
          0.8311664576663286
        ]
      },
      "EWMA": {
        "fdr": [
          1.0,
          1.0,
          1.0,
          0.996,
          0.9314999999999999
        ],
        "far": [
          0.0,
          0.0,
          0.0035000000000000005,
          0.04285714285714286,
          0.2786666666666666
        ],
        "f1": [
          1.0,
          1.0,
          0.9934339914827721,
          0.9514269340345488,
          0.7933963725272243
        ]
      }
    }
  },
  "exp5_clustered": {
    "fractions": [
      0.05,
      0.1,
      0.2,
      0.3,
      0.4
    ],
    "results": {
      "Proposed (random)": [
        0.00037543249020889174,
        0.0015068066121137298,
        0.006917194557904069,
        0.019061612216060144,
        0.06442536481448168
      ],
      "Local Median (random)": [
        4.559301459896869e-05,
        7.748096674082782e-05,
        0.0002784692314469473,
        0.002083563977127077,
        0.04211016868142494
      ],
      "Proposed (clustered)": [
        0.0003645453891343374,
        0.0012236843324675971,
        0.025646522582337704,
        0.0870053938984987,
        0.1854728343683201
      ],
      "Local Median (clustered)": [
        5.020293216555499e-05,
        0.0005834371796411818,
        0.0359725734064942,
        0.1018333864036345,
        0.20589263445494474
      ]
    }
  },
  "exp6_alpha": {
    "alphas": [
      0.0,
      0.3,
      0.5,
      0.7,
      0.8,
      0.85,
      0.9,
      0.95,
      0.99
    ],
    "mse_prop": [
      0.007528614670167502,
      0.0073726775229709714,
      0.007258155250876919,
      0.0071128186071572055,
      0.007011388603635733,
      0.006947732333120382,
      0.006885428572881084,
      0.007020788749273794,
      0.012256656681300753
    ]
  },
  "exp7_heatmap": {
    "betas": [
      0.5,
      1.0,
      2.0,
      3.0,
      4.0
    ],
    "lags": [
      5,
      10,
      15,
      20,
      25
    ],
    "mse_grid": [
      [
        0.009127770895042594,
        0.008956220373788867,
        0.00878407279163255,
        0.008614766615633684,
        0.008450308736304734
      ],
      [
        0.008994274626687985,
        0.008678344344740746,
        0.008375435755376274,
        0.00808899502801855,
        0.007820026905421208
      ],
      [
        0.008751520205024206,
        0.008209894079819818,
        0.007729275487272747,
        0.007302147967459119,
        0.006920753354681274
      ],
      [
        0.00853677246293565,
        0.007831546485385855,
        0.007244023073862294,
        0.006745531798239121,
        0.006315620264882475
      ],
      [
        0.008345762765156722,
        0.007520794455736259,
        0.00686847863394258,
        0.006334254471702469,
        0.005884788206957596
      ]
    ]
  },
  "exp8_convergence": {
    "n_iter_vals": [
      5,
      10,
      20,
      30,
      40,
      60,
      80
    ],
    "mse_proposed": [
      0.007272060952194258,
      0.007086912217808332,
      0.006973031464243114,
      0.006939824247400519,
      0.0069280463939116075,
      0.006921765472569509,
      0.006920753354681274
    ],
    "mse_plain": [
      0.04878244992111355,
      0.04878244992111355,
      0.04878244992111355,
      0.048782449921113545,
      0.04878244992111355,
      0.04878244992111354,
      0.04878244992111353
    ]
  },
  "exp9_N": {
    "N_vals": [
      10,
      20,
      30,
      50,
      75,
      100
    ],
    "mse": {
      "Average": [
        0.04856724275105704,
        0.0484050554080222,
        0.048802366747391475,
        0.04865375538074068,
        0.04858362241394878,
        0.0487398396889778
      ],